propId,label,description,label.desc,count,type,cluster id
P1001,applies to jurisdiction,"the item (an institution, law, ...) belongs to or applies to the value (a jurisdiction: a country, state, municipality, ...)","applies to jurisdiction the item (an institution, law, ...) belongs to or applies to the value (a jurisdiction: a country, state, municipality, ...)",4192,wikibase-item,cluster_0
P1002,engine configuration,configuration of an engine's cylinders,engine configuration configuration of an engine's cylinders,347,wikibase-item,cluster_0
P101,field of work,"fields of work related to this item (physics, history). For occupation like physicist, historian see P106. Note: Can be used in any item besides person","field of work fields of work related to this item (physics, history). For occupation like physicist, historian see P106. Note: Can be used in any item besides person",8877,wikibase-item,cluster_0
P1012,including,usually used as a qualifier,including usually used as a qualifier,11,wikibase-item,cluster_0
P1018,language regulatory body,regulatory body of a language,language regulatory body regulatory body of a language,98,wikibase-item,cluster_0
P102,member of political party,the political party of which this politician is or has been a member,member of political party the political party of which this politician is or has been a member,182969,wikibase-item,cluster_0
P1026,doctoral thesis,thesis that someone wrote to obtain a PhD degree,doctoral thesis thesis that someone wrote to obtain a PhD degree,23,wikibase-item,cluster_0
P1027,conferred by,person or organization who awards a prize to or bestows an honor upon a recipient,conferred by person or organization who awards a prize to or bestows an honor upon a recipient,776,wikibase-item,cluster_0
P1028,donated by,person or organization who donated the object,donated by person or organization who donated the object,127,wikibase-item,cluster_0
P1029,crew member,person that participated operating or serving aboard this vehicle,crew member person that participated operating or serving aboard this vehicle,1857,wikibase-item,cluster_0
P103,native language,language that a person learned natively,native language language that a person learned natively,4288,wikibase-item,cluster_0
P1033,GHS signal word,"please use with items warning"" (Q15350847) and ""danger"" (Q15221217)""","GHS signal word please use with items warning"" (Q15350847) and ""danger"" (Q15221217)""",14,wikibase-item,cluster_0
P1037,manager/director,person who manages any kind of group,manager/director person who manages any kind of group,766,wikibase-item,cluster_0
P1038,relative,"family member (qualify with type of kinship""P1039; for direct family member please use specific property)""P1039; for direct family member please use specific property)""","relative family member (qualify with type of kinship""P1039; for direct family member please use specific property)""P1039; for direct family member please use specific property)""",1626,wikibase-item,cluster_0
P1040,film editor,"person who worked with the raw footage, selecting shots and combining them into sequences to create a finished motion picture","film editor person who worked with the raw footage, selecting shots and combining them into sequences to create a finished motion picture",831,wikibase-item,cluster_0
P1046,discovery method,way an exoplanet was discovered,discovery method way an exoplanet was discovered,28,wikibase-item,cluster_0
P1049,deity of,religion or group/civilization that worships a given deity,deity of religion or group/civilization that worships a given deity,356,wikibase-item,cluster_0
P105,taxon rank,level in a taxonomic hierarchy,taxon rank level in a taxonomic hierarchy,1923141,wikibase-item,cluster_0
P1050,medical condition,disease or other health problem affecting an individual human or other animal,medical condition disease or other health problem affecting an individual human or other animal,3846,wikibase-item,cluster_0
P1056,produces,"the material produced by a mine, an industrial site or a production process","produces the material produced by a mine, an industrial site or a production process",505,wikibase-item,cluster_0
P1057,chromosome,chromosome on which an entity is localized,chromosome chromosome on which an entity is localized,50600,wikibase-item,cluster_0
P106,occupation,"occupation of a person; see also field of work"" (Property:P101)""","occupation occupation of a person; see also field of work"" (Property:P101)""",1913712,wikibase-item,cluster_0
P1064,track gauge,spacing of the rails on a railway track,track gauge spacing of the rails on a railway track,5009,wikibase-item,cluster_0
P1066,student of,person who has taught this person,student of person who has taught this person,2004,wikibase-item,cluster_0
P1068,instruction set,instruction set on which the processor architecture is based,instruction set instruction set on which the processor architecture is based,46,wikibase-item,cluster_0
P107,(OBSOLETE) main type (GND),** Do not use ** Due to be deleted. Please use instance of (P31)/subclass of (P279),(OBSOLETE) main type (GND) ** Do not use ** Due to be deleted. Please use instance of (P31)/subclass of (P279),12978,wikibase-item,cluster_0
P1071,location of final assembly,place where the item was made; location of final assembly,location of final assembly place where the item was made; location of final assembly,1085,wikibase-item,cluster_0
P1072,readable file format,file format a program can open and read,readable file format file format a program can open and read,50,wikibase-item,cluster_0
P1073,writable file format,file format a program can create and/or write to,writable file format file format a program can create and/or write to,42,wikibase-item,cluster_0
P1074,fictional analog of,used to link a class of items appearing in a creative work with the analogous class of objects in the real world,fictional analog of used to link a class of items appearing in a creative work with the analogous class of objects in the real world,234,wikibase-item,cluster_0
P1075,rector,rector of a university,rector rector of a university,229,wikibase-item,cluster_0
P108,employer,organization for which the subject works or worked,employer organization for which the subject works or worked,88183,wikibase-item,cluster_0
P1080,from fictional universe,subject's fictional entity is in the object narrative. See also P1441 and P1445,from fictional universe subject's fictional entity is in the object narrative. See also P1441 and P1445,8142,wikibase-item,cluster_0
P110,illustrator,illustrator of a book,illustrator illustrator of a book,1977,wikibase-item,cluster_0
P111,measured physical quantity,physical property measured by a unit,measured physical quantity physical property measured by a unit,134,wikibase-item,cluster_0
P112,founder,"founder or co-founder of the organization, religion or place","founder founder or co-founder of the organization, religion or place",6360,wikibase-item,cluster_0
P113,airline hub,airport that serves as a hub for an airline,airline hub airport that serves as a hub for an airline,2047,wikibase-item,cluster_0
P1134,(OBSOLETE) located in place (use P276),"location of the item (such as village, neighborhood, park). In case of an administrative entity use P131. In case of a distinct terrain feature use P706.","(OBSOLETE) located in place (use P276) location of the item (such as village, neighborhood, park). In case of an administrative entity use P131. In case of a distinct terrain feature use P706.",8247,wikibase-item,cluster_0
P1137,fossil found in this unit,fossils that are found in this stratigraphic unit,fossil found in this unit fossils that are found in this stratigraphic unit,19,wikibase-item,cluster_0
P114,airline alliance,the alliance the airline belongs to,airline alliance the alliance the airline belongs to,244,wikibase-item,cluster_0
P1142,political ideology,political ideology of this organization,political ideology political ideology of this organization,6446,wikibase-item,cluster_0
P1145,Lagrangian point,libration point of an object (default: object-sun-earth),Lagrangian point libration point of an object (default: object-sun-earth),25,wikibase-item,cluster_0
P115,home venue,home stadium or venue of a sports team or applicable performing arts organization,home venue home stadium or venue of a sports team or applicable performing arts organization,5407,wikibase-item,cluster_0
P1158,location of landing,location where the craft landed,location of landing location where the craft landed,14,wikibase-item,cluster_0
P1165,home world,home world/planet of a fictional race or character,home world home world/planet of a fictional race or character,23,wikibase-item,cluster_0
P118,league,league in which the team plays or has played in,league league in which the team plays or has played in,11335,wikibase-item,cluster_0
P119,location of burial,"location of grave, resting place, place of ash-scattering, etc, (e.g. city or cemetery) for a person. There may be several places: e.g. re-burials, cenotaphs, parts of body buried separately.","location of burial location of grave, resting place, place of ash-scattering, etc, (e.g. city or cemetery) for a person. There may be several places: e.g. re-burials, cenotaphs, parts of body buried separately.",34583,wikibase-item,cluster_0
P1192,connecting service,service stopping at a station,connecting service service stopping at a station,969,wikibase-item,cluster_0
P1196,manner of death,"circumstances of a person's death; one of: natural causes, accident, suicide, homicide, pending investigation or special 'unknown value'.  Use 'cause of death' (P509) for more immediate or underlying causes and events, e.g. heart attack, car accident","manner of death circumstances of a person's death; one of: natural causes, accident, suicide, homicide, pending investigation or special 'unknown value'.  Use 'cause of death' (P509) for more immediate or underlying causes and events, e.g. heart attack, car accident",3873,wikibase-item,cluster_0
P1200,bodies of water basin category,the category associated with the basin of a bodies of water,bodies of water basin category the category associated with the basin of a bodies of water,1980,wikibase-item,cluster_0
P1201,space tug,"spacecraft vehicle designed to move the payload from a reference orbit to the target orbit, or direct it to an interplanetary trajectory","space tug spacecraft vehicle designed to move the payload from a reference orbit to the target orbit, or direct it to an interplanetary trajectory",365,wikibase-item,cluster_0
P1202,carries scientific instrument,"scientific instruments carried by a vessel, satellite, or device that are not required for propelling or navigating","carries scientific instrument scientific instruments carried by a vessel, satellite, or device that are not required for propelling or navigating",15,wikibase-item,cluster_0
P121,equipment operated,equipment currently or formerly used by subject,equipment operated equipment currently or formerly used by subject,3274,wikibase-item,cluster_0
P122,basic form of government,the subject's government,basic form of government the subject's government,628,wikibase-item,cluster_0
P123,publisher,"organization responsible for publishing books, periodicals or software","publisher organization responsible for publishing books, periodicals or software",41005,wikibase-item,cluster_0
P126,maintained by,organization in charge of keeping the subject (for instance an infrastructure) in functioning order,maintained by organization in charge of keeping the subject (for instance an infrastructure) in functioning order,13264,wikibase-item,cluster_0
P1264,valid in period,time period when a statement is valid,valid in period time period when a statement is valid,17,wikibase-item,cluster_0
P127,owned by,owner of the subject,owned by owner of the subject,26689,wikibase-item,cluster_0
P1283,filmography,list of films a person has contributed to,filmography list of films a person has contributed to,128,wikibase-item,cluster_0
P129,physically interacts with,physical entity that the subject interacts with,physically interacts with physical entity that the subject interacts with,13,wikibase-item,cluster_0
P1290,godparent,person who is the godparent of a given person,godparent person who is the godparent of a given person,22,wikibase-item,cluster_0
P1299,depicted by,object depicting this subject,depicted by object depicting this subject,48,wikibase-item,cluster_0
P1302,primary destinations,major cities that a road serves,primary destinations major cities that a road serves,68,wikibase-item,cluster_0
P1303,instrument,instrument that a person plays,instrument instrument that a person plays,25238,wikibase-item,cluster_0
P1308,officeholder,person who holds an office,officeholder person who holds an office,136,wikibase-item,cluster_0
P131,located in the administrative territorial entity,the item is located on the territory of the following administrative entity,located in the administrative territorial entity the item is located on the territory of the following administrative entity,2369539,wikibase-item,cluster_0
P1312,has facet polytope,"facet of a polytope, in the next-lower dimension","has facet polytope facet of a polytope, in the next-lower dimension",928,wikibase-item,cluster_0
P1313,office held by head of government,political office that is fulfilled by the head of the government of this item,office held by head of government political office that is fulfilled by the head of the government of this item,2162,wikibase-item,cluster_0
P1318,proved by,person who proved something,proved by person who proved something,20,wikibase-item,cluster_0
P1321,place of origin (Switzerland),lieu d'origine of a Swiss national. Not be confused with place of birth or place of residence,place of origin (Switzerland) lieu d'origine of a Swiss national. Not be confused with place of birth or place of residence,1687,wikibase-item,cluster_0
P1322,dual to,"dual of a polytope, graph or curve","dual to dual of a polytope, graph or curve",273,wikibase-item,cluster_0
P1336,territory claimed by,administrative divisions that claim control of a given area,territory claimed by administrative divisions that claim control of a given area,40,wikibase-item,cluster_0
P134,has dialect,dialects of this language (a single language may be linked to many dialects),has dialect dialects of this language (a single language may be linked to many dialects),217,wikibase-item,cluster_0
P1340,eye color,color of the irises of a person's eyes,eye color color of the irises of a person's eyes,783,wikibase-item,cluster_0
P1343,described by source,dictionary or encyclopaedia where this item is described,described by source dictionary or encyclopaedia where this item is described,33109,wikibase-item,cluster_0
P1344,participant of,"event a person was a participant in, inverse of P710","participant of event a person was a participant in, inverse of P710",145683,wikibase-item,cluster_0
P1346,winner,winner of an event,winner winner of an event,1047,wikibase-item,cluster_0
P135,movement,"literary, artistic or philosophical movement associated with this person or work","movement literary, artistic or philosophical movement associated with this person or work",9713,wikibase-item,cluster_0
P136,genre,genre of a creative work or genre in which an artist works,genre genre of a creative work or genre in which an artist works,251784,wikibase-item,cluster_0
P1363,points/goal scored by,person who scored a point or goal in a game,points/goal scored by person who scored a point or goal in a game,75,wikibase-item,cluster_0
P137,operator,"organization that operates the service, facility, ship, aircraft, missile","operator organization that operates the service, facility, ship, aircraft, missile",36949,wikibase-item,cluster_0
P1376,capital of,"country, state, department, canton or other administrative division of which the municipality is the governmental seat","capital of country, state, department, canton or other administrative division of which the municipality is the governmental seat",187,wikibase-item,cluster_0
P138,named after,"entity or event that inspired the subject's name, or namesake (in at least one language)","named after entity or event that inspired the subject's name, or namesake (in at least one language)",38419,wikibase-item,cluster_0
P1383,contains settlement,settlement which an administrative division contains,contains settlement settlement which an administrative division contains,19189,wikibase-item,cluster_0
P1387,political alignment,political position within the political spectrum,political alignment political position within the political spectrum,48,wikibase-item,cluster_0
P1389,product certification,"certification for a product, qualify with P1001 (applies to jurisdiction"") if needed""","product certification certification for a product, qualify with P1001 (applies to jurisdiction"") if needed""",2536,wikibase-item,cluster_0
P1393,proxy,person authorized to act for another,proxy person authorized to act for another,10,wikibase-item,cluster_0
P1398,replaced by structure,building/structure which replaced the subject building or structure at the same location,replaced by structure building/structure which replaced the subject building or structure at the same location,11,wikibase-item,cluster_0
P1399,convicted of,crime a person was convicted of,convicted of crime a person was convicted of,2440,wikibase-item,cluster_0
P140,religion,religion of a person or organization (MUST be claimed by the subject or documented by historical sources),religion religion of a person or organization (MUST be claimed by the subject or documented by historical sources),28815,wikibase-item,cluster_0
P1403,original combination,for animals: the combination (binomen or trinomen) where the species-group name used in this taxon name was first published,original combination for animals: the combination (binomen or trinomen) where the species-group name used in this taxon name was first published,246,wikibase-item,cluster_0
P1408,licensed to broadcast to,place that a radio/TV station is licensed/required to broadcast to,licensed to broadcast to place that a radio/TV station is licensed/required to broadcast to,27,wikibase-item,cluster_0
P141,IUCN conservation status,conservation status assigned by the International Union for Conservation of Nature,IUCN conservation status conservation status assigned by the International Union for Conservation of Nature,73328,wikibase-item,cluster_0
P1411,nominated for,"award nomination received by a person, organisation or creative work (inspired from award received"" (Property:P166))""","nominated for award nomination received by a person, organisation or creative work (inspired from award received"" (Property:P166))""",1438,wikibase-item,cluster_0
P1412,languages spoken or published,language(s) that a person speaks or writes. Can include native languages,languages spoken or published language(s) that a person speaks or writes. Can include native languages,61028,wikibase-item,cluster_0
P1414,GUI toolkit or framework,framework or toolkit a program uses to display the graphical user interface,GUI toolkit or framework framework or toolkit a program uses to display the graphical user interface,127,wikibase-item,cluster_0
P1416,affiliation,organization that a person is affiliated with,affiliation organization that a person is affiliated with,68,wikibase-item,cluster_0
P1419,shape,geometric shape of an object,shape geometric shape of an object,118,wikibase-item,cluster_0
P1420,taxon synonym,synonym(s) of the taxon name,taxon synonym synonym(s) of the taxon name,231,wikibase-item,cluster_0
P1427,journey origin,"starting place of this journey, flight, voyage, trek, etc. (excl. spaceflight launch)","journey origin starting place of this journey, flight, voyage, trek, etc. (excl. spaceflight launch)",121,wikibase-item,cluster_0
P1429,pet,pet that a person owns,pet pet that a person owns,16,wikibase-item,cluster_0
P143,imported from,source of this claim's value (use only in References section),imported from source of this claim's value (use only in References section),765,wikibase-item,cluster_0
P1431,executive producer,executive producer of a movie or TV show,executive producer executive producer of a movie or TV show,158,wikibase-item,cluster_0
P1433,published in,larger work that a given work was published in,published in larger work that a given work was published in,5722,wikibase-item,cluster_0
P1434,describes the fictional universe,"the subject is a work describing a fictional universe, ie where the plot occurs in this universe.","describes the fictional universe the subject is a work describing a fictional universe, ie where the plot occurs in this universe.",441,wikibase-item,cluster_0
P1435,heritage status,the heritage status of a historical site,heritage status the heritage status of a historical site,168464,wikibase-item,cluster_0
P144,based on,the work(s) used as basis for subject,based on the work(s) used as basis for subject,7815,wikibase-item,cluster_0
P1441,present in work,work in which this fictional entity (Q14897293) is present. See also P:1080 for in-universe information,present in work work in which this fictional entity (Q14897293) is present. See also P:1080 for in-universe information,5766,wikibase-item,cluster_0
P1444,journey destination,"intended destination for this journey, flight, sailing, exploration, etc.","journey destination intended destination for this journey, flight, sailing, exploration, etc.",107,wikibase-item,cluster_0
P1445,fictional universe described in,"to link a fictional universe with a work that describes it: <universe> described in the work:"" <work>""","fictional universe described in to link a fictional universe with a work that describes it: <universe> described in the work:"" <work>""",93,wikibase-item,cluster_0
P1454,legal form,legal form of an organization,legal form legal form of an organization,405,wikibase-item,cluster_0
P1455,list of works,link to the article with the works of a person,list of works link to the article with the works of a person,42,wikibase-item,cluster_0
P1456,list of monuments,link to the list of heritage monuments in the place/area,list of monuments link to the list of heritage monuments in the place/area,4212,wikibase-item,cluster_0
P1462,standards body,body or organisation responsible for publication and maintenance of standard,standards body body or organisation responsible for publication and maintenance of standard,221,wikibase-item,cluster_0
P149,architectural style,architectural style of a structure or architect,architectural style architectural style of a structure or architect,17753,wikibase-item,cluster_0
P150,contains administrative territorial entity,(list of) direct subdivisions of an administrative entity,contains administrative territorial entity (list of) direct subdivisions of an administrative entity,860305,wikibase-item,cluster_0
P1532,country for sport,country a person represents when playing a sport,country for sport country a person represents when playing a sport,18,wikibase-item,cluster_0
P1533,family name identical to this first name,last name that is the same as a given first name. Use on items for given names.,family name identical to this first name last name that is the same as a given first name. Use on items for given names.,501,wikibase-item,cluster_0
P1535,used by,"person or organization that uses a given object, for buildings use P466","used by person or organization that uses a given object, for buildings use P466",34,wikibase-item,cluster_0
P1546,motto,description of the motto of the subject,motto description of the motto of the subject,11,wikibase-item,cluster_0
P1552,has quality,the entity has an inherent or distinguishing non-material characteristic that cannot be migrated,has quality the entity has an inherent or distinguishing non-material characteristic that cannot be migrated,55,wikibase-item,cluster_0
P1557,manifestation of,this is the physical embodiment of a given concept,manifestation of this is the physical embodiment of a given concept,14,wikibase-item,cluster_0
P1558,tempo marking,indication about the speed or pace of a given musical piece,tempo marking indication about the speed or pace of a given musical piece,17,wikibase-item,cluster_0
P1560,given name version for other gender,"equivalent name (with respect to the meaning of the name) in the same language: female version of a male first name, male version of a female first name. Add primarily the closest matching one","given name version for other gender equivalent name (with respect to the meaning of the name) in the same language: female version of a male first name, male version of a female first name. Add primarily the closest matching one",264,wikibase-item,cluster_0
P157,killed by,person who killed the subject,killed by person who killed the subject,329,wikibase-item,cluster_0
P1574,exemplar of,"property for manuscripts, autographs, incunabula, distinct printed copies","exemplar of property for manuscripts, autographs, incunabula, distinct printed copies",76,wikibase-item,cluster_0
P1576,lifestyle,"typical way of life of an individual, group, or culture","lifestyle typical way of life of an individual, group, or culture",580,wikibase-item,cluster_0
P1582,natural product of taxon,"links a natural product with its source (animal, plant, fungal, algal, etc)","natural product of taxon links a natural product with its source (animal, plant, fungal, algal, etc)",75,wikibase-item,cluster_0
P159,headquarters location,specific location where an organization's HQ is or has been situated,headquarters location specific location where an organization's HQ is or has been situated,15039,wikibase-item,cluster_0
P1597,Slovene Cultural Heritage designation,type of cultural heritage as designated by the Slovene Cultural Heritage Registry (RKD),Slovene Cultural Heritage designation type of cultural heritage as designated by the Slovene Cultural Heritage Registry (RKD),1454,wikibase-item,cluster_0
P1598,consecrator,bishop who presided as consecrator or co-consecrator of this bishop,consecrator bishop who presided as consecrator or co-consecrator of this bishop,84,wikibase-item,cluster_0
P16,highway system,system of which the highway is a part,highway system system of which the highway is a part,18856,wikibase-item,cluster_0
P161,cast member,"production's cast members; to add the roles, use character role"" (P453) as qualifier""","cast member production's cast members; to add the roles, use character role"" (P453) as qualifier""",572590,wikibase-item,cluster_0
P1611,NATO code for grade,NATO Code for Grades of Military Personnel,NATO code for grade NATO Code for Grades of Military Personnel,27,wikibase-item,cluster_0
P162,producer,"producer(s) of this film or music work (film: not executive producers, associate producers, etc.)","producer producer(s) of this film or music work (film: not executive producers, associate producers, etc.)",43630,wikibase-item,cluster_0
P1629,subject item of this property,item corresponding exactly to the concept represented by the property (use in statements on properties),subject item of this property item corresponding exactly to the concept represented by the property (use in statements on properties),415,wikibase-item,cluster_0
P163,flag,subject's flag,flag subject's flag,1885,wikibase-item,cluster_0
P1637,undercarriage,type of aircraft landing gear the item is equipped with,undercarriage type of aircraft landing gear the item is equipped with,81,wikibase-item,cluster_0
P1639,pendant of,"other work in a pair of opposing artworks, such as wedding portraits, commissioned together, but not always","pendant of other work in a pair of opposing artworks, such as wedding portraits, commissioned together, but not always",161,wikibase-item,cluster_0
P1654,wing configuration,configuration of wing(s) used by an aircraft,wing configuration configuration of wing(s) used by an aircraft,509,wikibase-item,cluster_0
P1657,MPAA film rating,US film-rating system,MPAA film rating US film-rating system,11,wikibase-item,cluster_0
P166,award received,"award or recognition received by a person, organisation or creative work","award received award or recognition received by a person, organisation or creative work",282664,wikibase-item,cluster_0
P1672,this taxon is source of,"links a taxon to natural products it produces. Note that it does not say this taxon is the source of"" or ""this taxon is a source of"" as this may vary. Some products may be yielded by more than one taxon.""","this taxon is source of links a taxon to natural products it produces. Note that it does not say this taxon is the source of"" or ""this taxon is a source of"" as this may vary. Some products may be yielded by more than one taxon.""",72,wikibase-item,cluster_0
P169,chief executive officer,highest-ranking corporate officer appointed as the CEO within an organization,chief executive officer highest-ranking corporate officer appointed as the CEO within an organization,338,wikibase-item,cluster_0
P17,country,sovereign state of this item,country sovereign state of this item,3064161,wikibase-item,cluster_0
P170,creator,maker of a creative work or other object (where no more specific property exists),creator maker of a creative work or other object (where no more specific property exists),37502,wikibase-item,cluster_0
P171,parent taxon,closest parent taxon of the taxon in question,parent taxon closest parent taxon of the taxon in question,1859849,wikibase-item,cluster_0
P1716,brand,brand of a product,brand brand of a product,149,wikibase-item,cluster_0
P172,ethnic group,"subject's ethnicity (consensus is that a VERY high standard of proof is needed for this field to be used. In general this means 1) the subject claims it him/herself, or 2) it is widely agreed on by scholars, or 3) is fictional and portrayed as such).","ethnic group subject's ethnicity (consensus is that a VERY high standard of proof is needed for this field to be used. In general this means 1) the subject claims it him/herself, or 2) it is widely agreed on by scholars, or 3) is fictional and portrayed as such).",9757,wikibase-item,cluster_0
P1731,Fach,describes the special ablilites of an operatic singers voice,Fach describes the special ablilites of an operatic singers voice,214,wikibase-item,cluster_0
P1740,category for films shot at this location,the object is a category for films shot at/in the subject,category for films shot at this location the object is a category for films shot at/in the subject,1188,wikibase-item,cluster_0
P175,performer,"musician, music group, or other performer associated with this work, actor portraying a character","performer musician, music group, or other performer associated with this work, actor portraying a character",142689,wikibase-item,cluster_0
P1750,name day,"day of the year associated with a first/given name. A qualifier should be used to identify the calendar that is being used. Distinguish from feast day"" (P:P841)""","name day day of the year associated with a first/given name. A qualifier should be used to identify the calendar that is being used. Distinguish from feast day"" (P:P841)""",1363,wikibase-item,cluster_0
P1753,list related to category,Wikimedia list equivalent to a Wikimedia category,list related to category Wikimedia list equivalent to a Wikimedia category,164,wikibase-item,cluster_0
P1754,category related to list,Wikimedia category equivalent to a Wikimedia list,category related to list Wikimedia category equivalent to a Wikimedia list,163,wikibase-item,cluster_0
P176,manufacturer,main manufacturer of this product (excluding sub-contracted manufacturers),manufacturer main manufacturer of this product (excluding sub-contracted manufacturers),20769,wikibase-item,cluster_0
P177,crosses,"obstacle (body of water, road, ...) which this bridge crosses over or this tunnel goes under","crosses obstacle (body of water, road, ...) which this bridge crosses over or this tunnel goes under",3109,wikibase-item,cluster_0
P178,developer,organisation or person that developed this item,developer organisation or person that developed this item,15908,wikibase-item,cluster_0
P180,depicts,depicted entity (see also P921: subject heading),depicts depicted entity (see also P921: subject heading),52289,wikibase-item,cluster_0
P1817,addressee,person or organization to whom a letter or note is addressed,addressee person or organization to whom a letter or note is addressed,11,wikibase-item,cluster_0
P183,endemic to,sole location or habitat type where the taxon lives,endemic to sole location or habitat type where the taxon lives,616,wikibase-item,cluster_0
P184,doctoral advisor,person who supervised the doctorate or PhD thesis of the subject,doctoral advisor person who supervised the doctorate or PhD thesis of the subject,632,wikibase-item,cluster_0
P185,doctoral student,doctoral student(s) of a professor,doctoral student doctoral student(s) of a professor,249,wikibase-item,cluster_0
P186,material used,material the subject is made of,material used material the subject is made of,44497,wikibase-item,cluster_0
P189,location of discovery,where the item was located when discovered,location of discovery where the item was located when discovered,306,wikibase-item,cluster_0
P19,place of birth,"the most specific known (e.g. city instead of country, or hospital instead of city)","place of birth the most specific known (e.g. city instead of country, or hospital instead of city)",737895,wikibase-item,cluster_0
P190,sister city,"twin towns, sister cities, twinned municipalities and other localities","sister city twin towns, sister cities, twinned municipalities and other localities",38470,wikibase-item,cluster_0
P193,main building contractor,the main organization responsible for construction of this structure or building,main building contractor the main organization responsible for construction of this structure or building,358,wikibase-item,cluster_0
P194,legislative body,"legislative body governing this entity; political institution with elected representatives, such as a parliament/legislature or council","legislative body legislative body governing this entity; political institution with elected representatives, such as a parliament/legislature or council",807,wikibase-item,cluster_0
P195,collection,"art, museum or bibliographic collection the subject is part of","collection art, museum or bibliographic collection the subject is part of",40197,wikibase-item,cluster_0
P196,minor planet group,is in grouping of minor planets according to similar orbital characteristics,minor planet group is in grouping of minor planets according to similar orbital characteristics,50391,wikibase-item,cluster_0
P197,adjacent station,"the stations next to this station, sharing the same line(s)","adjacent station the stations next to this station, sharing the same line(s)",25025,wikibase-item,cluster_0
P199,business division,divisions of this organization,business division divisions of this organization,467,wikibase-item,cluster_0
P20,place of death,"the most specific known (e.g. city instead of country, or hospital instead of city)","place of death the most specific known (e.g. city instead of country, or hospital instead of city)",339545,wikibase-item,cluster_0
P200,lake inflows,"major inflow sources — rivers, aquifers, glacial runoff, etc. Some terms may not be place names, e.g. none","lake inflows major inflow sources — rivers, aquifers, glacial runoff, etc. Some terms may not be place names, e.g. none",436,wikibase-item,cluster_0
P201,lake outflow,"rivers and other outflows waterway names. If evaporation or seepage are notable outflows, they may be included. Some terms may not be place names, e.g. evaporation","lake outflow rivers and other outflows waterway names. If evaporation or seepage are notable outflows, they may be included. Some terms may not be place names, e.g. evaporation",353,wikibase-item,cluster_0
P205,basin country,countries that have drainage to/from or border the lake,basin country countries that have drainage to/from or border the lake,161,wikibase-item,cluster_0
P206,located next to body of water,lake or river,located next to body of water lake or river,1066,wikibase-item,cluster_0
P208,executive body,branch of government for the daily administration of the state,executive body branch of government for the daily administration of the state,71,wikibase-item,cluster_0
P209,highest judicial authority,"supreme judicial body within a country, administrative division, or other organization","highest judicial authority supreme judicial body within a country, administrative division, or other organization",60,wikibase-item,cluster_0
P21,sex or gender,"Sexual identity of  subject. Main: male (Q6581097), female (Q6581072), transgender female (Q1052281),  transgender male (Q2449503). For animals, use male animal (Q44148), female animal (Q43445). For groups of  same gender, use subclass of"" (P279)""","sex or gender Sexual identity of  subject. Main: male (Q6581097), female (Q6581072), transgender female (Q1052281),  transgender male (Q2449503). For animals, use male animal (Q44148), female animal (Q43445). For groups of  same gender, use subclass of"" (P279)""",2611401,wikibase-item,cluster_0
P210,party chief representative,chief representative of a party in an institution or an administrative unit (use qualifier to identify the party),party chief representative chief representative of a party in an institution or an administrative unit (use qualifier to identify the party),28,wikibase-item,cluster_0
P22,father,male parent,father male parent,43525,wikibase-item,cluster_0
P237,coat of arms,subject's coat of arms,coat of arms subject's coat of arms,1677,wikibase-item,cluster_0
P241,military branch,"the branch to which this military unit, award, or person belongs, e.g. Royal Navy","military branch the branch to which this military unit, award, or person belongs, e.g. Royal Navy",27526,wikibase-item,cluster_0
P248,stated in,"to be used in the source field, to indicate where a claim is made","stated in to be used in the source field, to indicate where a claim is made",62,wikibase-item,cluster_0
P25,mother,female parent,mother female parent,16945,wikibase-item,cluster_0
P26,spouse,"the subject has the object as their spouse (husband, wife, partner, etc.). Use cohabitant"" for non-married companions""","spouse the subject has the object as their spouse (husband, wife, partner, etc.). Use cohabitant"" for non-married companions""",31651,wikibase-item,cluster_0
P263,official residence,the residence at which heads of government and other senior figures officially reside,official residence the residence at which heads of government and other senior figures officially reside,305,wikibase-item,cluster_0
P264,record label,brand and trademark associated with the marketing of subject music recordings and music videos,record label brand and trademark associated with the marketing of subject music recordings and music videos,110151,wikibase-item,cluster_0
P27,country of citizenship,the object is a country that recognizes the subject as its citizen,country of citizenship the object is a country that recognizes the subject as its citizen,1463056,wikibase-item,cluster_0
P272,production company,"company that produced this film, audio or performing arts work","production company company that produced this film, audio or performing arts work",27287,wikibase-item,cluster_0
P275,license,license under which this copyrighted work is released,license license under which this copyrighted work is released,3324,wikibase-item,cluster_0
P276,location,"location the item, physical object or event is within.  In case of an administrative entity use P131. In case of a distinct terrain feature use P706.","location location the item, physical object or event is within.  In case of an administrative entity use P131. In case of a distinct terrain feature use P706.",217406,wikibase-item,cluster_0
P277,programming language,the programming language(s) in which the software is developed,programming language the programming language(s) in which the software is developed,1241,wikibase-item,cluster_0
P282,writing system,"alphabet, character set or other system of writing used by subject language","writing system alphabet, character set or other system of writing used by subject language",891,wikibase-item,cluster_0
P286,team manager,"on-field manager or head coach of this sports club (not to be confused with a general manager, which is not a coaching position)","team manager on-field manager or head coach of this sports club (not to be confused with a general manager, which is not a coaching position)",2435,wikibase-item,cluster_0
P287,designer,designer of this item,designer designer of this item,4187,wikibase-item,cluster_0
P289,ship class,ship classification (e.g. Nelson-class battleship),ship class ship classification (e.g. Nelson-class battleship),5175,wikibase-item,cluster_0
P291,place of publication,geographical place of publication of the edition (use 1st edition when referring to works),place of publication geographical place of publication of the edition (use 1st edition when referring to works),1198,wikibase-item,cluster_0
P30,continent,"continent of which the subject is a part. Use for countries, locations in Antarctica, and items located in countries that belong to more than one continent, e.g. Russian cities.","continent continent of which the subject is a part. Use for countries, locations in Antarctica, and items located in countries that belong to more than one continent, e.g. Russian cities.",21610,wikibase-item,cluster_0
P306,operating system,operating system (OS) on which a software works; OS installed on hardware,operating system operating system (OS) on which a software works; OS installed on hardware,1407,wikibase-item,cluster_0
P344,director of photography,"person responsible for the framing, lighting and filtration of the subject work","director of photography person responsible for the framing, lighting and filtration of the subject work",27484,wikibase-item,cluster_0
P35,head of state,official with the highest formal authority in a country,head of state official with the highest formal authority in a country,703,wikibase-item,cluster_0
P355,subsidiaries,"subsidiary of a company or organization, opposite of parent company (P749)","subsidiaries subsidiary of a company or organization, opposite of parent company (P749)",703,wikibase-item,cluster_0
P358,discography,link to discography in artist or band page,discography link to discography in artist or band page,3223,wikibase-item,cluster_0
P36,capital,"location (city, municipality) of governmental seat of the country, or administrative territorial entity","capital location (city, municipality) of governmental seat of the country, or administrative territorial entity",16205,wikibase-item,cluster_0
P360,is a list of,this is a list of the following items,is a list of this is a list of the following items,118773,wikibase-item,cluster_0
P364,original language of work,language in which a work was originally created,original language of work language in which a work was originally created,130903,wikibase-item,cluster_0
P366,use,main use of the subject (includes current and former usage),use main use of the subject (includes current and former usage),5015,wikibase-item,cluster_0
P37,official language,language designated as official by this item,official language language designated as official by this item,2973,wikibase-item,cluster_0
P371,presenter,someone who takes a main role in presenting a radio or television program,presenter someone who takes a main role in presenting a radio or television program,1312,wikibase-item,cluster_0
P375,space launch vehicle,rocket or other vehicle for launching subject payload into space,space launch vehicle rocket or other vehicle for launching subject payload into space,5276,wikibase-item,cluster_0
P376,located on astronomical body,astronomical body on which features or places are situated,located on astronomical body astronomical body on which features or places are situated,3029,wikibase-item,cluster_0
P38,currency,currency used by item,currency currency used by item,980,wikibase-item,cluster_0
P39,position held,subject currently or formerly holds the object position or public office,position held subject currently or formerly holds the object position or public office,229555,wikibase-item,cluster_0
P397,astronomical body,major astronomical body the item belongs to,astronomical body major astronomical body the item belongs to,963,wikibase-item,cluster_0
P398,child astronomical body,the minor body that belongs to the item,child astronomical body the minor body that belongs to the item,727,wikibase-item,cluster_0
P399,companion of,two or more astronomic bodies of the same type relating to each other,companion of two or more astronomic bodies of the same type relating to each other,32,wikibase-item,cluster_0
P40,child,the subject has the object as their biological and/ or legal child,child the subject has the object as their biological and/ or legal child,60309,wikibase-item,cluster_0
P400,platform,platform for which a work has been developed or released / specific platform version of a software developed,platform platform for which a work has been developed or released / specific platform version of a software developed,36422,wikibase-item,cluster_0
P403,mouth of the watercourse,the body of water to which the watercourse drains,mouth of the watercourse the body of water to which the watercourse drains,25680,wikibase-item,cluster_0
P404,game mode,available playing mode(s) in a video game,game mode available playing mode(s) in a video game,22916,wikibase-item,cluster_0
P406,soundtrack album,album that incorporates music directly recorded from the soundtrack of a film or video game,soundtrack album album that incorporates music directly recorded from the soundtrack of a film or video game,141,wikibase-item,cluster_0
P407,language of work,for works (for original language use P364 and for persons P103 and P1412),language of work for works (for original language use P364 and for persons P103 and P1412),186032,wikibase-item,cluster_0
P408,software engine,software engine employed by the subject item,software engine software engine employed by the subject item,2318,wikibase-item,cluster_0
P410,military rank,"military rank achieved by a person (should usually have a start date"" qualifier)""","military rank military rank achieved by a person (should usually have a start date"" qualifier)""",6273,wikibase-item,cluster_0
P411,canonization status,stage in the process of attaining sainthood per the subject's religious organization.,canonization status stage in the process of attaining sainthood per the subject's religious organization.,3624,wikibase-item,cluster_0
P412,voice type,"person's voice type. expected values: soprano, mezzo-soprano, contralto, countertenor, tenor, baritone, bass (and derivatives)","voice type person's voice type. expected values: soprano, mezzo-soprano, contralto, countertenor, tenor, baritone, bass (and derivatives)",8890,wikibase-item,cluster_0
P413,position played on team,"position the player plays, e.g. Small Forward","position played on team position the player plays, e.g. Small Forward",13084,wikibase-item,cluster_0
P414,stock exchange,exchange on which this company is traded,stock exchange exchange on which this company is traded,3436,wikibase-item,cluster_0
P417,patron saint,patron saint adopted by the subject,patron saint patron saint adopted by the subject,1363,wikibase-item,cluster_0
P418,seal description,description of a subject's seal,seal description description of a subject's seal,16,wikibase-item,cluster_0
P421,located in time zone,time zone for this item,located in time zone time zone for this item,39556,wikibase-item,cluster_0
P425,field of this profession,activity corresponding to this occupation,field of this profession activity corresponding to this occupation,1252,wikibase-item,cluster_0
P427,taxonomic type,"the type genus of this family (or subfamily, etc), or the type species of this genus (or subgenus, etc)","taxonomic type the type genus of this family (or subfamily, etc), or the type species of this genus (or subgenus, etc)",527,wikibase-item,cluster_0
P43,stepfather,"husband of the subject's mother, who is not the subject's biological father","stepfather husband of the subject's mother, who is not the subject's biological father",73,wikibase-item,cluster_0
P437,distribution,method (or type) of distribution for the subject,distribution method (or type) of distribution for the subject,10506,wikibase-item,cluster_0
P44,stepmother,"wife of the subject's father, who is not the subject's biological mother","stepmother wife of the subject's father, who is not the subject's biological mother",36,wikibase-item,cluster_0
P448,location of spacecraft launch,site or launch pad from where the spacecraft was launched,location of spacecraft launch site or launch pad from where the spacecraft was launched,5390,wikibase-item,cluster_0
P449,original network,network(s) the radio or television show was originally aired on. This does not include later re-runs or additional syndication.,original network network(s) the radio or television show was originally aired on. This does not include later re-runs or additional syndication.,8998,wikibase-item,cluster_0
P450,astronaut mission,space mission that the subject is or has been a member of (do not include future missions),astronaut mission space mission that the subject is or has been a member of (do not include future missions),327,wikibase-item,cluster_0
P451,cohabitant,"someone with whom the person is in a relationship without being married. Use spouse"" for married couples.""","cohabitant someone with whom the person is in a relationship without being married. Use spouse"" for married couples.""",881,wikibase-item,cluster_0
P452,industry,industry of company or organization,industry industry of company or organization,6408,wikibase-item,cluster_0
P457,foundational text,text through which an institution has been created,foundational text text through which an institution has been created,90,wikibase-item,cluster_0
P459,determination method,qualifier stating how a value has been determined,determination method qualifier stating how a value has been determined,16,wikibase-item,cluster_0
P462,color,color of subject,color color of subject,862,wikibase-item,cluster_0
P463,member of,"part of a specific organization or club. Do not use for membership in ethnic or social groups, nor for holding a position such as a member of parliament (use P39 for that).","member of part of a specific organization or club. Do not use for membership in ethnic or social groups, nor for holding a position such as a member of parliament (use P39 for that).",67774,wikibase-item,cluster_0
P466,occupant,person or organization occupying a building or facility,occupant person or organization occupying a building or facility,9684,wikibase-item,cluster_0
P467,legislated by,indicates that an act or bill was passed by a legislature.  The value can be a particular session of the legislature,legislated by indicates that an act or bill was passed by a legislature.  The value can be a particular session of the legislature,188,wikibase-item,cluster_0
P469,lakes on river,"lakes and reservoirs the river flows through, flows into or flows out of","lakes on river lakes and reservoirs the river flows through, flows into or flows out of",102,wikibase-item,cluster_0
P47,shares border with,"countries or administrative subdivisions, of equal level, that this item borders, either by land or water","shares border with countries or administrative subdivisions, of equal level, that this item borders, either by land or water",204439,wikibase-item,cluster_0
P470,Eight Banner register,Manchu household register for people of the Qing Dynasty,Eight Banner register Manchu household register for people of the Qing Dynasty,893,wikibase-item,cluster_0
P479,input device,input method or device used to interact with a software product,input device input method or device used to interact with a software product,4630,wikibase-item,cluster_0
P483,recorded at,studio where a musical composition was recorded,recorded at studio where a musical composition was recorded,136,wikibase-item,cluster_0
P485,archives at,the institution holding the subject's archives,archives at the institution holding the subject's archives,462,wikibase-item,cluster_0
P488,chairperson,"presiding member of an organization, group or body","chairperson presiding member of an organization, group or body",3222,wikibase-item,cluster_0
P495,country of origin,country of origin of the creative work or subject item,country of origin country of origin of the creative work or subject item,107324,wikibase-item,cluster_0
P50,author,main creator(s) of a written work,author main creator(s) of a written work,67916,wikibase-item,cluster_0
P500,exclave of,territory is legally or politically attached to a main territory with which it is not physically contiguous because of surrounding alien territory. It may also be an enclave.,exclave of territory is legally or politically attached to a main territory with which it is not physically contiguous because of surrounding alien territory. It may also be an enclave.,96,wikibase-item,cluster_0
P501,enclave within,territory is entirely surrounded by the other (enclaved),enclave within territory is entirely surrounded by the other (enclaved),155,wikibase-item,cluster_0
P504,home port,"home port of the vessel (if different from ship registry""): For civilian ships the primary port from which the ship operates. Port of registry (the one painted on the stern) should be listed in ""Ship registry"". For warships  this will be the ship's assigned naval base""","home port home port of the vessel (if different from ship registry""): For civilian ships the primary port from which the ship operates. Port of registry (the one painted on the stern) should be listed in ""Ship registry"". For warships  this will be the ship's assigned naval base""",116,wikibase-item,cluster_0
P509,cause of death,"underlying or immediate cause of death.  Underlying cause (e.g. car accident, stomach cancer) preferred.  Use 'manner of death' (P1196) for broadest category, e.g. natural causes, accident, homicide, suicide","cause of death underlying or immediate cause of death.  Underlying cause (e.g. car accident, stomach cancer) preferred.  Use 'manner of death' (P1196) for broadest category, e.g. natural causes, accident, homicide, suicide",24422,wikibase-item,cluster_0
P511,honorific prefix,"word or expression used before a name, in addressing or referring to a person","honorific prefix word or expression used before a name, in addressing or referring to a person",134,wikibase-item,cluster_0
P512,academic degree,academic degree that the person holds,academic degree academic degree that the person holds,21325,wikibase-item,cluster_0
P514,interleaves with,stratigraphic relation in which two units overlap each other marginally,interleaves with stratigraphic relation in which two units overlap each other marginally,28,wikibase-item,cluster_0
P516,powerplant,equipment or engine used to power the subject,powerplant equipment or engine used to power the subject,1676,wikibase-item,cluster_0
P517,interaction,"with which of the 4 fundamental forces does the particle interact? strong interaction Q11415, electromagnetic: Q849919, weak interaction: Q11418, gravitation: Q11412","interaction with which of the 4 fundamental forces does the particle interact? strong interaction Q11415, electromagnetic: Q849919, weak interaction: Q11418, gravitation: Q11412",62,wikibase-item,cluster_0
P520,armament,equippable weapon item for the subject,armament equippable weapon item for the subject,2352,wikibase-item,cluster_0
P521,scheduled service destination,"airport or station connected by regular direct service to the subject, for the destination of a trip see P1444","scheduled service destination airport or station connected by regular direct service to the subject, for the destination of a trip see P1444",86,wikibase-item,cluster_0
P522,type of orbit,orbit a satellite has around its central body,type of orbit orbit a satellite has around its central body,302,wikibase-item,cluster_0
P523,temporal range start,the start of a process or appearance of a life form relative to the geologic time scale,temporal range start the start of a process or appearance of a life form relative to the geologic time scale,56,wikibase-item,cluster_0
P524,temporal range end,the end of a process or extinction of a life form relative to the geologic time scale,temporal range end the end of a process or extinction of a life form relative to the geologic time scale,56,wikibase-item,cluster_0
P53,noble family,include dynasty and nobility houses,noble family include dynasty and nobility houses,7021,wikibase-item,cluster_0
P530,diplomatic relation,diplomatic relations of the country,diplomatic relation diplomatic relations of the country,583,wikibase-item,cluster_0
P531,diplomatic mission sent,"location of diplomatic mission, i.e. consulate of A in the capital city of B","diplomatic mission sent location of diplomatic mission, i.e. consulate of A in the capital city of B",186,wikibase-item,cluster_0
P532,port of registry,"ship's port of registry. This is generally painted on the ship's stern (for the home port""see Property:P504)""","port of registry ship's port of registry. This is generally painted on the ship's stern (for the home port""see Property:P504)""",58,wikibase-item,cluster_0
P533,target,target of a terrorist attack or military operation,target target of a terrorist attack or military operation,23,wikibase-item,cluster_0
P534,streak color,color of a mineral or material when abraded ,streak color color of a mineral or material when abraded ,49,wikibase-item,cluster_0
P537,twinning,type of twins a crystal forms,twinning type of twins a crystal forms,12,wikibase-item,cluster_0
P54,member of sports team,sports teams or clubs that the subject currently represents or formerly represented,member of sports team sports teams or clubs that the subject currently represents or formerly represented,349683,wikibase-item,cluster_0
P541,office contested,title of office which election will determine the next holder of,office contested title of office which election will determine the next holder of,20,wikibase-item,cluster_0
P542,officially opened by,person that officially opened the event,officially opened by person that officially opened the event,144,wikibase-item,cluster_0
P543,oath made by,"person(s) that made the oath at an event, like the Olympic Games","oath made by person(s) that made the oath at an event, like the Olympic Games",68,wikibase-item,cluster_0
P545,torch lit by,"person that lit the torch at an event, like the Olympic Games","torch lit by person that lit the torch at an event, like the Olympic Games",49,wikibase-item,cluster_0
P547,commemorates,"what the place, monument, memorial, holiday, commemorates","commemorates what the place, monument, memorial, holiday, commemorates",108,wikibase-item,cluster_0
P551,residence,"the place where the person is, or has been, resident","residence the place where the person is, or has been, resident",4102,wikibase-item,cluster_0
P552,handedness,handedness of the person,handedness handedness of the person,680,wikibase-item,cluster_0
P553,website account on,a website that the person or organization has an account on (use with P554) Note: only used with reliable source or if the person or organization disclosed it.,website account on a website that the person or organization has an account on (use with P554) Note: only used with reliable source or if the person or organization disclosed it.,12200,wikibase-item,cluster_0
P556,crystal system,type of crystal for crystal coumpounds,crystal system type of crystal for crystal coumpounds,1128,wikibase-item,cluster_0
P559,terminus,"the feature (intersecting road, train station, etc.) at the terminus of a linear feature","terminus the feature (intersecting road, train station, etc.) at the terminus of a linear feature",2778,wikibase-item,cluster_0
P562,central bank/issuer,central bank or other issuing authority for the currency,central bank/issuer central bank or other issuing authority for the currency,250,wikibase-item,cluster_0
P566,basionym,"the legitimate, previously published name on which a new combination or name at new rank is based","basionym the legitimate, previously published name on which a new combination or name at new rank is based",1838,wikibase-item,cluster_0
P57,director,"director(s) of this motion picture, play, video game or similar","director director(s) of this motion picture, play, video game or similar",95257,wikibase-item,cluster_0
P579,IMA status and/or rank,status given to each mineral by the IMA (International Mineralogical Association),IMA status and/or rank status given to each mineral by the IMA (International Mineralogical Association),4555,wikibase-item,cluster_0
P58,screenwriter,author(s) of the screenplay or script for this work,screenwriter author(s) of the screenplay or script for this work,50160,wikibase-item,cluster_0
P588,coolant,substance used by the subject to dissipate excess thermal energy,coolant substance used by the subject to dissipate excess thermal energy,264,wikibase-item,cluster_0
P589,point group,crystal subdivision,point group crystal subdivision,247,wikibase-item,cluster_0
P59,constellation,"the area of the celestial sphere of which the subject is a part (from a scientific standpoint, not an astrological one)","constellation the area of the celestial sphere of which the subject is a part (from a scientific standpoint, not an astrological one)",19949,wikibase-item,cluster_0
P598,commander of,"for persons who are notable as commanding officers, the units they commanded","commander of for persons who are notable as commanding officers, the units they commanded",162,wikibase-item,cluster_0
P6,head of government,"head of the executive power of a town, city, municipality, state, country, or other governmental body","head of government head of the executive power of a town, city, municipality, state, country, or other governmental body",11720,wikibase-item,cluster_0
P607,conflict,"battles, wars or engagements in which the person or item participated","conflict battles, wars or engagements in which the person or item participated",50762,wikibase-item,cluster_0
P608,exhibition history,exhibitions where the item was displayed,exhibition history exhibitions where the item was displayed,1105,wikibase-item,cluster_0
P609,terminus location,location of the terminus of a linear feature,terminus location location of the terminus of a linear feature,792,wikibase-item,cluster_0
P61,discoverer or inventor,discovered or invented by,discoverer or inventor discovered or invented by,59847,wikibase-item,cluster_0
P610,highest point,"point with highest elevation in the country, region, city, town or area","highest point point with highest elevation in the country, region, city, town or area",330,wikibase-item,cluster_0
P611,religious order,order of monks or nuns which the monastery housed,religious order order of monks or nuns which the monastery housed,2213,wikibase-item,cluster_0
P612,mother house,name of the mother house,mother house name of the mother house,231,wikibase-item,cluster_0
P618,source of energy,describes the source of energy an animated object (machine or animal) uses,source of energy describes the source of energy an animated object (machine or animal) uses,170,wikibase-item,cluster_0
P624,guidance system,guidance system of a missile,guidance system guidance system of a missile,178,wikibase-item,cluster_0
P629,edition or translation of,is an edition or translation of this text,edition or translation of is an edition or translation of this text,988,wikibase-item,cluster_0
P631,structural engineer,"person, group or organisation responsible for the structural engineering of a building or structure","structural engineer person, group or organisation responsible for the structural engineering of a building or structure",258,wikibase-item,cluster_0
P634,captain,captain of this sports team,captain captain of this sports team,18,wikibase-item,cluster_0
P636,route of administration,"path by which a drug, fluid, poison, or other substance is taken into the body","route of administration path by which a drug, fluid, poison, or other substance is taken into the body",221,wikibase-item,cluster_0
P641,sport,sport or discipline in which the entity participates or belongs to,sport sport or discipline in which the entity participates or belongs to,177938,wikibase-item,cluster_0
P642,of,qualifiers stating that a statement applies within the scope of a particular item,of qualifiers stating that a statement applies within the scope of a particular item,34,wikibase-item,cluster_0
P647,drafted by,which team the player was drafted by,drafted by which team the player was drafted by,62,wikibase-item,cluster_0
P65,site of astronomical discovery,"the place where an astronomical object was discovered (observatory, satellite)","site of astronomical discovery the place where an astronomical object was discovered (observatory, satellite)",45812,wikibase-item,cluster_0
P655,translator,people or organisation who translated this,translator people or organisation who translated this,420,wikibase-item,cluster_0
P658,tracklist,songs contained in this item,tracklist songs contained in this item,927,wikibase-item,cluster_0
P66,ancestral home,place of origin for ancestors of subject,ancestral home place of origin for ancestors of subject,131,wikibase-item,cluster_0
P664,organizer,person or institution organizing an event,organizer person or institution organizing an event,650,wikibase-item,cluster_0
P669,located on street,"street, or road, where the item is located. To add the number, use Property:P670 street number"" as qualifier""","located on street street, or road, where the item is located. To add the number, use Property:P670 street number"" as qualifier""",44205,wikibase-item,cluster_0
P674,characters,"characters which appear in this item (plays, operas, operettas, books...)","characters characters which appear in this item (plays, operas, operettas, books...)",3643,wikibase-item,cluster_0
P676,lyrics by,author of song lyrics; also use P86 for music composer,lyrics by author of song lyrics; also use P86 for music composer,5271,wikibase-item,cluster_0
P680,molecular function,represents gene ontology function annotations,molecular function represents gene ontology function annotations,11200,wikibase-item,cluster_0
P681,cell component,component of the cell in which this item is present,cell component component of the cell in which this item is present,10602,wikibase-item,cluster_0
P682,biological process,is involved in the biological process,biological process is involved in the biological process,32246,wikibase-item,cluster_0
P684,ortholog,orthologous gene in another species (use with 'species' qualifier),ortholog orthologous gene in another species (use with 'species' qualifier),1860,wikibase-item,cluster_0
P688,encodes,the product of a gene (protein or RNA),encodes the product of a gene (protein or RNA),1915,wikibase-item,cluster_0
P689,afflicts,a type of organism which a condition or disease afflicts,afflicts a type of organism which a condition or disease afflicts,24,wikibase-item,cluster_0
P69,educated at,educational institution attended by the subject,educated at educational institution attended by the subject,281109,wikibase-item,cluster_0
P690,space group,symmetry classification for 2 and 3 dimensional patterns or crystals,space group symmetry classification for 2 and 3 dimensional patterns or crystals,919,wikibase-item,cluster_0
P693,cleavage,way that crystals or minerals cleave,cleavage way that crystals or minerals cleave,60,wikibase-item,cluster_0
P694,replaced synonym (for nom. nov.),"previously published name on which a replacement name (avowed substitute, nomen novum) is based.","replaced synonym (for nom. nov.) previously published name on which a replacement name (avowed substitute, nomen novum) is based.",33,wikibase-item,cluster_0
P7,brother,subject has the object as their brother,brother subject has the object as their brother,64381,wikibase-item,cluster_0
P702,encoded by, the gene that encodes some gene product,encoded by  the gene that encodes some gene product,1955,wikibase-item,cluster_0
P703,found in taxon,the taxon in which the molecule or substance can be found,found in taxon the taxon in which the molecule or substance can be found,109231,wikibase-item,cluster_0
P706,located on terrain feature,"located on the specified landform or body of water. Should not be used when the value is only political/administrative (provinces, states, countries, etc.).","located on terrain feature located on the specified landform or body of water. Should not be used when the value is only political/administrative (provinces, states, countries, etc.).",8417,wikibase-item,cluster_0
P708,diocese,administrative division of the church to which the element belongs,diocese administrative division of the church to which the element belongs,4465,wikibase-item,cluster_0
P710,participant,"person, group of people or organization that actively takes/took part in the event","participant person, group of people or organization that actively takes/took part in the event",10715,wikibase-item,cluster_0
P720,asteroid spectral type,"spectral classifications of asteroids based on  spectral shape, color, and albedo","asteroid spectral type spectral classifications of asteroids based on  spectral shape, color, and albedo",370,wikibase-item,cluster_0
P725,voice actor,"the person who dubbed a role of a creative work (like TV series, movie or video game)","voice actor the person who dubbed a role of a creative work (like TV series, movie or video game)",1217,wikibase-item,cluster_0
P726,candidate,person or party listed as an option for office in an election,candidate person or party listed as an option for office in an election,467,wikibase-item,cluster_0
P734,surname,surname or last name of a person,surname surname or last name of a person,110021,wikibase-item,cluster_0
P735,given name,first name or another given name of this person. Values used with the property shouldn't link disambiguations nor family names.,given name first name or another given name of this person. Values used with the property shouldn't link disambiguations nor family names.,1896107,wikibase-item,cluster_0
P736,cover artist,"name of person or team creating cover artwork for album, single, book, etc.","cover artist name of person or team creating cover artwork for album, single, book, etc.",194,wikibase-item,cluster_0
P737,influenced by,"this person, idea, etc. is informed by that other person, idea, etc., e.g. Heidegger has influence Aristotle"".  Inverse of 'influence of' (P738).""","influenced by this person, idea, etc. is informed by that other person, idea, etc., e.g. Heidegger has influence Aristotle"".  Inverse of 'influence of' (P738).""",362,wikibase-item,cluster_0
P738,influence of,"this person, idea, etc. informs that other person, idea, etc., e.g. Aristotle influence of Heidegger"".  Inverse of 'influenced by' (P737).""","influence of this person, idea, etc. informs that other person, idea, etc., e.g. Aristotle influence of Heidegger"".  Inverse of 'influenced by' (P737).""",218,wikibase-item,cluster_0
P739,ammunition,cartridge or other ammunition used by the subject weapon,ammunition cartridge or other ammunition used by the subject weapon,1758,wikibase-item,cluster_0
P740,location of formation,location where a group or organization was formed,location of formation location where a group or organization was formed,741,wikibase-item,cluster_0
P741,playing hand,hand used to play tennis,playing hand hand used to play tennis,2264,wikibase-item,cluster_0
P744,asteroid family,population of asteroids that share similar proper orbital elements,asteroid family population of asteroids that share similar proper orbital elements,86,wikibase-item,cluster_0
P747,edition(s),linking to an edition of this item,edition(s) linking to an edition of this item,1275,wikibase-item,cluster_0
P748,appointed by,"who appointed the person to the office, can be used as a qualifier","appointed by who appointed the person to the office, can be used as a qualifier",315,wikibase-item,cluster_0
P749,parent company,"a parent company of an organisation, opposite of subsidiaries (P355)","parent company a parent company of an organisation, opposite of subsidiaries (P355)",1164,wikibase-item,cluster_0
P750,distributor,distributor of a creative work,distributor distributor of a creative work,1394,wikibase-item,cluster_0
P751,introduced feature,which feature was introduced by this version of a product item,introduced feature which feature was introduced by this version of a product item,25,wikibase-item,cluster_0
P765,surface played on,the surface on which the tournament is played,surface played on the surface on which the tournament is played,998,wikibase-item,cluster_0
P767,contributor,person or organization that contributed in the creation of a creative work,contributor person or organization that contributed in the creation of a creative work,1046,wikibase-item,cluster_0
P768,electoral district,"For members of legislative bodies (local or national), the electoral district the person is representing","electoral district For members of legislative bodies (local or national), the electoral district the person is representing",19,wikibase-item,cluster_0
P769,significant drug interaction,"a clinically significant interaction between two pharmacologically active substances (i.e., drugs and/or active metabolites) where concomitant intake can lead to altered effectiveness or adverse drug events.","significant drug interaction a clinically significant interaction between two pharmacologically active substances (i.e., drugs and/or active metabolites) where concomitant intake can lead to altered effectiveness or adverse drug events.",1837,wikibase-item,cluster_0
P770,cause of destruction,item which caused the destruction of the subject item,cause of destruction item which caused the destruction of the subject item,75,wikibase-item,cluster_0
P78,top-level domain,Internet domain name system top-level code,top-level domain Internet domain name system top-level code,304,wikibase-item,cluster_0
P780,symptoms,the possible symptoms of a medical condition,symptoms the possible symptoms of a medical condition,94,wikibase-item,cluster_0
P793,significant event,significant or notable events associated with the subject,significant event significant or notable events associated with the subject,6740,wikibase-item,cluster_0
P800,notable works,subject's notable scientific work or work of art,notable works subject's notable scientific work or work of art,20118,wikibase-item,cluster_0
P802,student,notable student(s) of a person,student notable student(s) of a person,598,wikibase-item,cluster_0
P803,professorship,professorship position held by this academic person,professorship professorship position held by this academic person,76,wikibase-item,cluster_0
P805,subject of,(qualifier only) item detailing the relation established by the statement,subject of (qualifier only) item detailing the relation established by the statement,334,wikibase-item,cluster_0
P807,separated from,subject was founded or started by separating from identified object,separated from subject was founded or started by separating from identified object,34,wikibase-item,cluster_0
P81,connecting line,railway or public transport line(s) subject is directly connected to,connecting line railway or public transport line(s) subject is directly connected to,10846,wikibase-item,cluster_0
P812,academic major,major someone studied at college/university,academic major major someone studied at college/university,34,wikibase-item,cluster_0
P814,IUCN protected areas category,protected areas category by the World Commission on Protected Areas. Used with dedicated items for each category.,IUCN protected areas category protected areas category by the World Commission on Protected Areas. Used with dedicated items for each category.,6708,wikibase-item,cluster_0
P816,decays to,what isotope does this radioactive isotope decay to,decays to what isotope does this radioactive isotope decay to,4875,wikibase-item,cluster_0
P822,mascot,"mascot of an organization, e.g. a sports team or university","mascot mascot of an organization, e.g. a sports team or university",45,wikibase-item,cluster_0
P823,speaker,someone who takes a role as speaker in events like keynotes or presentations,speaker someone who takes a role as speaker in events like keynotes or presentations,36,wikibase-item,cluster_0
P825,dedicated to,person or organization to whom the subject was dedicated,dedicated to person or organization to whom the subject was dedicated,255,wikibase-item,cluster_0
P826,tonality,key of a musical composition,tonality key of a musical composition,370,wikibase-item,cluster_0
P831,parent club,parent club of this team,parent club parent club of this team,79,wikibase-item,cluster_0
P832,public holiday,"official public holiday that occurs in this place, usually a non-working day","public holiday official public holiday that occurs in this place, usually a non-working day",347,wikibase-item,cluster_0
P833,interchange station,"station to which passengers can transfer to from this station, normally without extra expense","interchange station station to which passengers can transfer to from this station, normally without extra expense",79,wikibase-item,cluster_0
P837,day in year for periodic occurrence,when a specific holiday or periodic event occurs. Can be used as property or qualifier,day in year for periodic occurrence when a specific holiday or periodic event occurs. Can be used as property or qualifier,531,wikibase-item,cluster_0
P84,architect,person or architectural firm that designed this building,architect person or architectural firm that designed this building,5470,wikibase-item,cluster_0
P840,narrative set in,the narrative of this work is set in this location,narrative set in the narrative of this work is set in this location,19372,wikibase-item,cluster_0
P841,feast day,saint's principal feast day,feast day saint's principal feast day,682,wikibase-item,cluster_0
P85,anthem,name of the subject's anthem,anthem name of the subject's anthem,540,wikibase-item,cluster_0
P859,sponsor,enterprise that sponsors this item,sponsor enterprise that sponsors this item,103,wikibase-item,cluster_0
P86,composer,person(s) who wrote the music; also use P676 for lyricist,composer person(s) who wrote the music; also use P676 for lyricist,9407,wikibase-item,cluster_0
P868,foods traditionally associated,foods consumed during the ceremony or associated with a certain settlement,foods traditionally associated foods consumed during the ceremony or associated with a certain settlement,12,wikibase-item,cluster_0
P87,librettist,author of the libretto (words) of an opera,librettist author of the libretto (words) of an opera,434,wikibase-item,cluster_0
P870,instrumentation,combination of musical instruments employed in a composition,instrumentation combination of musical instruments employed in a composition,111,wikibase-item,cluster_0
P872,printed by,"organization that printed the creative work (if different from publisher"")""","printed by organization that printed the creative work (if different from publisher"")""",14,wikibase-item,cluster_0
P878,avionics,"notable sensors, electronics, and other avionics installed in the subject aircraft","avionics notable sensors, electronics, and other avionics installed in the subject aircraft",162,wikibase-item,cluster_0
P88,commissioned by,person or organization that commissioned this work,commissioned by person or organization that commissioned this work,565,wikibase-item,cluster_0
P880,CPU,central processing unit found within the subject item,CPU central processing unit found within the subject item,563,wikibase-item,cluster_0
P881,type of variable star,type of variable star,type of variable star type of variable star,32,wikibase-item,cluster_0
P885,origin of the watercourse,main source of a river or stream,origin of the watercourse main source of a river or stream,183,wikibase-item,cluster_0
P9,sister,subject has the object as their sister (female sibling),sister subject has the object as their sister (female sibling),30332,wikibase-item,cluster_0
P91,sexual orientation,"the sexual orientation of the person - use IF AND ONLY IF they have stated it themselves, unambiguously, or it has been widely agreed upon by historians after their death","sexual orientation the sexual orientation of the person - use IF AND ONLY IF they have stated it themselves, unambiguously, or it has been widely agreed upon by historians after their death",3186,wikibase-item,cluster_0
P912,facility,"the subject item has this type of facility, e.g. toilet, car park","facility the subject item has this type of facility, e.g. toilet, car park",109,wikibase-item,cluster_0
P913,notation,mathematical notation or another symbol,notation mathematical notation or another symbol,58,wikibase-item,cluster_0
P915,filming location,actual place where this scene/film was shot,filming location actual place where this scene/film was shot,14572,wikibase-item,cluster_0
P92,main regulatory text,text setting the main rules by which the subject is regulated,main regulatory text text setting the main rules by which the subject is regulated,253,wikibase-item,cluster_0
P923,medical examinations,examinations that might be used to diagnose the medical condition,medical examinations examinations that might be used to diagnose the medical condition,51,wikibase-item,cluster_0
P924,medical treatment,treatment that might be used to heal the medical condition,medical treatment treatment that might be used to heal the medical condition,17,wikibase-item,cluster_0
P931,place served by airport,city or region served by this airport,place served by airport city or region served by this airport,97,wikibase-item,cluster_0
P937,location of creative working,location(s) where the creator was active,location of creative working location(s) where the creator was active,40632,wikibase-item,cluster_0
P941,inspired by,the work which inspired this creative work,inspired by the work which inspired this creative work,425,wikibase-item,cluster_0
P942,theme music,"the theme music/song used under licence by the item (film, event, sport club/team, person, etc.)","theme music the theme music/song used under licence by the item (film, event, sport club/team, person, etc.)",22,wikibase-item,cluster_0
P943,programmer,coder for a piece of software or a digital creative work such as a video game,programmer coder for a piece of software or a digital creative work such as a video game,96,wikibase-item,cluster_0
P944,Code of nomenclature,the Code that governs the scientific name of this taxon,Code of nomenclature the Code that governs the scientific name of this taxon,814,wikibase-item,cluster_0
P945,allegiance,"the country (or other power) that the person, or organization, served","allegiance the country (or other power) that the person, or organization, served",239,wikibase-item,cluster_0
P97,noble title,royal or noble titles held by the person,noble title royal or noble titles held by the person,4556,wikibase-item,cluster_0
P972,catalog,"catalogue for the item, or, as a qualifier of P528, catalogue for which the number is valid","catalog catalogue for the item, or, as a qualifier of P528, catalogue for which the number is valid",860,wikibase-item,cluster_0
P974,tributary,stream or river that flows into this main stem (or parent) river or a lake,tributary stream or river that flows into this main stem (or parent) river or a lake,405,wikibase-item,cluster_0
P98,editor,editor of a compiled work such as a book or academic journal,editor editor of a compiled work such as a book or academic journal,1314,wikibase-item,cluster_0
P991,successful candidate,person(s) elected after the election,successful candidate person(s) elected after the election,4109,wikibase-item,cluster_0
